{"type":"Folder","counter":{"type":"Folder","commands":{"type":"any","array":true,"default":[],"min":null,"max":null,"configurable":false},"total":{"type":"integer","array":false,"default":null,"min":null,"max":null,"configurable":true}},"pGuilds":{"type":"string","array":true,"default":[],"min":null,"max":null,"configurable":false},"guildBlacklist":{"type":"string","array":true,"default":[],"min":17,"max":19,"configurable":true},"schedules":{"type":"any","array":true,"default":[],"min":null,"max":null,"configurable":false},"userBlacklist":{"type":"user","array":true,"default":[],"min":null,"max":null,"configurable":true}}
