{"type":"Folder","backgrounds":{"type":"string","array":true,"default":["default"],"min":null,"max":null,"configurable":false},"afk":{"type":"Folder","afk":{"type":"boolean","array":false,"default":false,"min":null,"max":null,"configurable":false},"reason":{"type":"string","array":false,"default":null,"min":null,"max":null,"configurable":false}},"daily":{"type":"integer","array":false,"default":0,"min":null,"max":null,"configurable":false},"level":{"type":"integer","array":false,"default":0,"min":null,"max":null,"configurable":false},"profilebg":{"type":"string","array":false,"default":"default","min":null,"max":null,"configurable":false},"repcooldown":{"type":"integer","array":false,"default":0,"min":null,"max":null,"configurable":false},"reps":{"type":"integer","array":false,"default":0,"min":null,"max":null,"configurable":false},"snowflakes":{"type":"integer","array":false,"default":0,"min":null,"max":null,"configurable":false},"title":{"type":"string","array":false,"default":"No Title Set","min":null,"max":null,"configurable":false},"xp":{"type":"integer","array":false,"default":0,"min":null,"max":null,"configurable":false}}
